180000,F,South Paw Judy of Q-t Cats,PER f,...,CFA 0147-264777 V0787,,
180001,M,South Paw Kelvin,PER w 62,...,ASFE LO 18163,180047,179969
180002,M,South Paw Khaki of Woodspirit,PER e 22,...,CFA 0114-443256,,
180003,F,South Paw Lil'Sis,PER w 62,...,CFA 0103-420294 V1189,180007,179990
180004,F,"South Paw Lollipop, DM",PER g,...,CFA 0151-345119 V1087,179988,177106
180005,F,South Paw Miss Hungary,PER w 62,...,MMOE LO 53226,179978,180020
180006,M,South Paw Moonlight Bandit,PER n,...,CFA 0108-718876 V0994,180028,180040
180007,M,"South Paw Moonlighting, DM",PER w 62,11-04-1985,CFA 0102-291836 V0886,144699,191479
180008,M,South Paw Name That Tune of Jenita,PER d,...,CFA 0110-225219 V0486,,
180009,F,"South Paw Over The Rainbow, DM",PER f,19-03-1986,CFA 0147-322392 V0988,,
180010,M,South Paw Polar Bear,PER w 62,22-08-1999,CFA 0102-1281963 V0203,179974,179998
180011,F,South Paw Reba of Palmetto,PER f,21-04-1991,CFA 0147-709906 V0894,180047,154791
180012,M,South Paw Red Cavalier,PER d,...,CFA 0110-427120,179988,
180013,M,South Paw Red Chief of Byrdseye,PER d,...,CFA 0110-402805 V0688,180007,154791
180014,M,South Paw Red Racer of Jimelene,PER d,...,CFA 0110-285514 V1086,144699,180037
180015,F,South Paw Rosie of Sunny Ridge,PER f,...,CFA 0147-401426 V0788,179988,177106
180016,F,South Paw Search for Tomorrow,PER w 62,24-11-1985,CFA 0103-311746 V0787,179988,191479
180017,M,South Paw Short Cake of Carasol,PER d,...,CFA 0110-062507 V0583,179991,178330
180018,F,South Paw Snickerdoodle of Everette,PER n,...,CFA 0109-181477 V0485,179987,180039
180019,F,South Paw Soho,PER f,03-04-1992,FD LO 68934,179978,179997
180020,F,"South Paw Spotlight, DM",PER w 62,...,CFA 0103-547206,166465,176720
180021,F,South Paw Squirrely,PER f,...,CFA 0147-452289 V0789,144699,179992
180022,F,South Paw Star Spangled,PER w 62,23-05-1993,CFA 0103-863771 V0994,,
180023,M,South Paw Starblitz of Sundew,PER w 62,22-11-1990,CFA 0102-685769 V0892,179978,180025
180024,F,South Paw Starlet of Jennycats,PER w 62,27-03-2000,CFA 0103-1312636 V0902,179974,179984
180025,F,"South Paw Starlight, DM",PER w 62,08-05-1989,CFA 0103-547204 V0690,180047,180031
180026,F,South Paw Starling,PER w 62,...,CFA 0103-674498,180047,180020
180027,F,"South Paw Starstruck, DM",PER w 62,12-06-1990,CFA 0103-642570 V1291,,
180028,M,"South Paw Sun Beau of Karleton, DM",PER n,...,CFA 0108-319872 V1288,180029,154791
180029,M,"South Paw Sunburst, DM",PER d,25-05-1981,CFA 0110-071449 V0583,179991,191470
180030,M,South Paw Sunday Punch,PER n,...,CFA 0108-406648 V0289,180029,180041
180031,F,"South Paw Sunlight, DM",PER e,22-09-1987,CFA 0115-428348 V1288,180029,154764
180032,F,"South Paw Sunny Daze, DM",PER d,...,CFA 0111-345120,180029,154791
180033,M,South Paw Sunny Side O'The Street,PER d,...,CFA 0110-233592,,
180034,F,South Paw Sunny Star of Paquita,PER f,...,CFA 0147-322393,,
180035,M,South Paw Sunny's Halo,PER n,...,CFA 0108-322395 V0887,180029,154791
180036,M,South Paw Sunset Blvd of Framor,PER d,06-04-1990,FD LO 82394,180028,180021
180037,F,South Paw Sunstroke,PER d,...,CFA 0111-178398 V1084,180029,179971
180038,F,South Paw Surprise,PER n,...,CFA 0109-304590 V0787,144699,180039
180039,F,South Paw Sweepstakes,PER n,...,CFA 0109-068127 V0883,,
180040,F,"South Paw Tammy Faye, DM",PER g,...,CFA 0151-465369,139457,180016
180041,F,South Paw Tina Turner,PER n,...,CFA 0109-242250 V0886,144699,180039
180042,F,South Paw Topsy Turvy,PER f,...,CFA 0147-863768,,
180043,M,South Paw Tune Up,PER n,...,CFA 0108-248584,,
180044,M,South Paw Twilight of Woodspirit,PER w 62,...,CFA 0102-580143 V1191,180007,180004
180045,F,South Paw White Cloud of Cattrax,PER w 62,17-08-1991,CFA 0103-737957 V0892,179978,180027
180046,M,South Paw Wish Kid,PER w 62,...,ÖVEK PERw62-7390/XV,180047,180020
180047,M,"South Paw Wish Upon A Star, DM",PER w 62,22-07-1986,CFA 0102-345118 V0789,180007,135510
180048,M,Southern Comfort af Tamara,PER d,11-03-1993,FD LO 70707,124792,188852
180049,M,Southern Comfort of Duchess DK,PER e,20-05-1991,FD LO 62975,192162,20145
180050,F,Southern Wild Cherry,ABY n,...,GCCF NS 116366,,
180051,F,Southerncurl Doodle Bug,ACL fy 23,...,CFA 8247-1228422,,
180052,M,Southhill Aristophenes,PER ns 11,...,CFA 0132-243554 V0485,128080,118317
180053,M,Southhill For Petes Sake,PER ns 12,10-05-1989,FD LO 62308,186370,180054
180054,F,Southhill Gidgette,PER ns 11,...,CFA 0133-347419 V0488,24417,176727
180055,F,Southhill Victoria's Angel,PER ns 12,...,CFA 0131-418268 V0988,186370,176727
180056,M,Southhill's Duke,PER ns 11,28-07-1988,FD LO 70776,186370,180055
180057,M,Southhill's Duke of Falkenhaus,PER ns 11,...,CFA 0132-478955 V0889,186370,180055
180058,F,Southhill's Eve of Goldstone,PER ns 11,...,CFA 0133-452356 V0589,186370,180054
180059,F,Southhill's Legacy,PER ns 12,...,CFA 0131-532355 V0291,135631,180058
180060,F,Southhill's Twinkle of Mangalores,PER ns 12,...,SVERAK LO 101065,186370,180059
180061,F,Southlea Simone,SIA c,31-03-1982,GCCF NS 200881,,
180062,M,Southlea Superscamp,SIA n,...,GCCF NS 173100,,
180063,F,Southmoor's Dragon Pearl,MCO f 09,...,(NL)FE.L06.MCO.017.3,20911,143809
180064,F,Southpole Snipper,SIB fs 03,...,TICA SBT 111597 015,,
180065,F,Southpole Xshu Xshu,SIB fs 03,...,TICA SBT 052800 015,146564,16547
180066,F,Southpole's Scarlett,SIB f 03 23,...,TICA SBT 092397 020,146564,16547
180067,M,Southview Duakylin,OSH b,...,GCCF SROS 228488,,
180068,F,Southwave Aphrodite of Crescent Kat,CRX n 01 33,...,CFA 0981-1402306 V0702,24180,22095
180069,F,Sovetryne Felis Jubatus,NFO n,13-05-1994,FD LO 75765,123830,186101
180070,F,Soya 03-020,NFO f,19-05-2003,FD LO 121690,95701,95706
180071,M,Soya von Sivebæk DK,SBI b,19-01-2004,FD LO 125870,177345,7456
180072,F,Soylihavic Salgam,TUV d 62,...,NRR LO 60384,128137,137446
180073,M,Soylu de Saint Glinglin,TUA w 63,...,NCT 892054,,
180074,F,Sozami van de Lieve Knotte Bollen,MCO g,...,RVT 109.667,23617,163748
180075,F,Sozami's Kelly,MCO d 22,...,NKFV RVT 104.016,124841,179938
180076,F,Sozia Vores Lynx DK,NFO f 09,16-07-1994,FD LO 77751,30760,130418
180077,M,Spacy by Dannevirke,PER d 03,26-06-1992,FD LO 68276,118996,103952
180078,M,Spada Fleet At Morning,PER a,...,CCCA NSWCFA (N) 26071,190358,180079
180079,F,Spada Gala At Morning,PER g,...,XX 965,,
180080,M,Spalding's Arthur Fitz,PER a 03,...,CFA 0190-000714 V110,,
180081,F,Spalding's Demelza,PER g 03,...,1.DEKZV 034097,,
180082,F,Spalding's Emily of Iran,PER e 03,...,CFA 0191-000836 V112,180083,132837
180083,M,Spalding's Lucifer,PER d 22,...,CFA 0140-002965 V110,,
180084,M,Spandau Ballet af Tamara,PER e,19-01-1996,FD LO 84032,43614,177232
180085,F,Spanglett of Drinkwater,BEN x ns 24,...,TICA SBT 042107 064,180804,7080
180086,F,Spanjer's Fat Bottomed Girl,BRI g,...,SNVK A00-02-044K,,
180087,F,Spanjer's Panda Boo,BRI n 03,...,SNVK A03-02-009K,119530,180086
180088,M,"Spar Konge Felis Jubatus, DM",NFO n 09,24-09-1995,SRK RX 60617,407,136712
180089,M,Sparaxis Rouge Oiseau,SIA d,...,FD LO 37765,124111,134998
180090,M,Sparkle Alphaone,PER ns 12,...,GCCF CS 114457,,
180091,F,Sparkling Firefly af Callisto DK,PER d 33,14-04-2013,(DK)FD LO 215282,152730,152578
180092,F,Sparkling Love von Asserbo DK,PER f 02 62,30-07-2010,(DK)FD LO 200891,144079,17151
180093,F,Sparkling Tiara á Chardani DK,RAG f 03 21,14-09-2004,FD RX 129997,178558,133650
180094,M,Sparks Will Fly of Golden Haze DK,BEN n 24,16-08-2007,FD RX 155223,178130,144052
180095,M,Spartacus,...,...,CFA 2540-087755,,
180096,M,Spartacus af Danish Delight DK,NFO n 09 23,25-07-1991,FD LO 63914,165097,78612
180097,F,"Spartacus Dams El I of Bastis, DM",ABY n,...,CFA 0381-007726 V112,10010,155661
180098,F,Spartacus Eden II,ABY o,...,CFA 0383-3199 V110,,
180099,M,Spartacus Hawkeye Pierce I of Natan,ABY n,...,CFA 0380-153989 V0784,10012,180100
180100,F,Spartacus Major Hoolihan II,ABY n,...,CFA 0381-65499 V0583,,
180101,M,Spartacus Melanion II,ABY o,22-07-1987,1.DEKZV LO 132075,,
180102,F,Spartacus Puff II,ABY n,...,CFA 0381-008772 V1282,,
180103,M,Spavinaw Blu-Macks of Calicoon,MCO a 22,...,CFA 1752-00028 V111,,
180104,F,Speakeasy Godiva of Medoz,BEN n 24,...,TICA SBT 033000 014,149934,15376
180105,F,Special Delivery Gracefull Ginger,BRI c,...,NCT 2005-7884,126650,138545
180106,F,Special Delivery Jolly Freja,BRI c,27-04-2007,FD LO 155075,137591,180105
180107,M,Special Delivery of Delight DK,PER ds,16-08-1996,FD RX 11728,76070,168890
180108,F,Special Design af Reedtz,PER g 03,23-04-1989,FD LO 55318,16268,125809
180109,F,Special Edition af Snig,SIA n,...,(N)NRR LO 112008,,
180110,F,Special Gift van de Elégance,PER ny 11,...,Missing Info (013),,
180111,M,Special Touch af Timanfaya DK,PER e 03,26-03-1999,FD LO 99060,149624,30214
180112,M,Specklebrand's Silverado,OCI ns 24,...,Kat ID: 315892,,
180113,M,Specklebrand's Silverado,OCI ns 24,...,Kat ID: 315899,,
180114,F,Speedi 92-104,BRI a,20-06-1992,FD LO 68419,142774,65514
180115,M,Speedi af Vrold DK,PER n,21-04-1994,FD LO 75848,156214,8061
180116,F,Speed's Amy,CRX f 33,14-08-2001,FD LO 139145,190434,167497
180117,M,Speedy 90-110,PER a,22-07-1990,FD LO 60231,149660,149610
180118,M,Speedy 93-3,PER n 33,22-10-1992,FD LO 69570,135294,81293
180119,M,Speedy Gonzales af Misapotanien,BML ns 11 31,03-10-2011,(DK)FD LO 206021,1921,126143
180120,M,Speedy Gonzales Necamé DK,PER ns 12,10-01-1997,FD LO 88524,178539,17129
180121,M,Speedy Gonzales van Prodanâ,PER n 03,...,NKS 27-972,,
180122,M,Speedy Guy El Mahaschavi,ABY n,09-03-1992,FD RX 7974,154478,147481
180123,M,Speedy of My Home DK,PER a 03,01-06-1999,FD LO 101716,43401,176224
180124,M,Speedy of Saen Suay DK,SBI a 21,31-01-1999,FD LO 98842,24759,175313
180125,M,Speedy St. George DK,SIA a,03-04-1992,FD LO 67442,156512,92650
180126,M,Speedy van Landsheer,BRI a 33,...,NCT A977264,165291,22731
180127,M,Speedy von Birkvel DK,SBI a,18-03-1993,FD LO 70808,9855,167938
180128,M,Speedy von Mandahl DK,MCO d 22,04-06-1996,FD LO 85807,65846,106144
180129,M,Speedy von Sivebæk DK,SBI b,22-03-2006,FD LO 139918,8425,7456
180130,F,Spejlsalen Felis Jubatus,NFO a 09 22,30-08-1994,FD LO 77970,136772,186101
180131,F,Spellbound Beamers,EXO n 03 23,...,CFA 7793-1144153,180144,
180132,M,Spellbound Bystander,PER n,...,CFA 0108-682486,180153,17329
180133,F,Spellbound Crazy Little Thing,PER n,03-01-1994,CFA 0109-911278 V0196,180135,17326
180134,M,Spellbound Cruising of Destiny,PER w 62,...,CFA 0102-706144 V0792,180135,147235
180135,M,"Spellbound Crusade, DM",PER w 62,28-08-1989,CFA 0102-578255 V0291,135483,180158
180136,F,Spellbound Dusk To Dawn,EXO f 03,20-05-2005,CFA 7871-1534416,134821,180137
180137,F,Spellbound Hurricane Hannah,EXO ns 03,...,CFA 7795-1448481,,
180138,M,Spellbound Leggenda Nera,PER n,...,CFA 0108-709631 V1193,180135,17329
180139,F,Spellbound Masquerade of Callyn,PER w 62,...,CFA 0103-871972 V1193,180135,17326
180140,M,"Spellbound McGyver, DM",EXO n 03 23,26-02-1999,CFA 7792-1241362 V0400,180150,180131
180141,F,Spellbound Mini Cruise,PER g,17-12-1995,CFA 0151-1045251 V1197,,
180142,F,Spellbound New Hue of Light Air,EXO ns 03 22,20-07-1997,CFA 7793-1142700 V0698,180144,138017
180143,M,Spellbound New Kid In town,PER n,...,CFA 0108-797199 V0593,,
180144,M,Spellbound New Vision,EXO n 23,08-06-1996,CFA 7744M-1072398 V797,180152,174861
180145,M,Spellbound of Pahlewi,PER d,...,1.DEKZV 127719,166446,21911
180146,F,Spellbound Real McCoy of Lafonteyn,EXO f 03 22,24-02-2004,CFA 7987-1484859 V0106,180140,134824
180147,F,Spellbound Sassie of Myshadows,PER n,...,CFA 0109-524177 V1191,139389,17329
180148,F,Spellbound Shakira of Demanch,EXO f 03 24,24-07-2006,CFA 7987-1585919,180140,180136
180149,M,Spellbound Storm Front of Rebecca,PER n,12-07-1990,CFA 0108-644588 V0692,,
180150,M,Spellbound Sub Scout,EXO d 03 23,...,CFA 7792-1157219,,
180151,F,Spellbound Sun Flower,PER d 22,...,CFA 0141-644556,,
180152,M,Spellbound Tom Cruise of Light Air,PER w 62,28-07-1991,CFA 0102-729205 V0995,180135,17325
180153,M,Spellbound's As Is,PER d,...,CFA 0140-333458 V0388,139389,138609
180154,F,Spellbound's Blysse of Anona,PER g,...,CFA 0151-378468 V0588,,
180155,F,Spellbound's Coco,PER f,...,CFA 0147-776764,180135,180151
180156,M,Spellbound's High Beams,EXO a 03 24,...,CFA 7792-1299043,180135,180131
180157,M,Spellbound's Moonstruck of Myshadows,PER e,...,CFA 0114-491443 V1091,180153,166462
180158,F,Spellbound's Powdered Sugar,PER g,15-05-1987,CFA 0151-397010 V0688,139389,166484
180159,M,Spencer Vermehr DK,PER ns,02-12-2000,FD LO 107590,76069,179298
180160,M,Spes Bona Ares,SPH n 02 21,...,(RU)NC SPH/01-033,127755,159835
180161,F,Spes Bona Beylis,SPH n 03,...,(RU)NC SPH/02-99,,
180162,F,Spes Bona Diona,SPH n 02,...,(RU)NC-SPH/03-035,180160,180161
180163,M,Spes Bona Yaguar de Avatara,SPH n 32,...,(RU)NC-SPH/08-1135,8319,127961
180164,M,Spes Bona Zigzag Le-Grand Oray,SPH n 02 21,...,(RU)NC SPH/04-175,180160,180161
180165,F,Sphenic Shalimar,BUR n,...,GCCF NS 195033,,
180166,F,Sphenic Sukina,BUR n,...,GCCF NS 195034,,
180167,M,Sphinx Achtung Baby,OSH d,16-03-1992,FD LO 67048,180466,160611
180168,M,Sphinx Afrique,OSH n,25-08-1995,FD LO 82687,175971,180419
180169,F,Sphinx Afrodite,OSH n,23-03-2001,FD LO 110944,132854,130437
180170,M,Sphinx Aldebaran,OSH c,01-06-2008,FD LO 155002,1475,180363
180171,M,Sphinx Ali-Baba,OSH n,31-05-1993,FD LO 72728,180232,180419
180172,M,Sphinx Amaretto,OSH e,28-04-1999,FD LO 100104,180317,180483
180173,F,Sphinx Amaryllis,SIA f,17-01-1999,FD LO 98481,180317,180228
180174,M,Sphinx American Stick Insect,OSH c 24,28-01-2013,(DK)FD LO 213301,180376,180242
180175,M,Sphinx Amon,SIA b 21,18-11-1995,FD LO 83878,180339,180486
180176,M,Sphinx Amon-Ra,OSH d 24,02-04-1997,FD LO 89803,180313,180264
180177,M,Sphinx Amoroso,SIA n,10-02-2000,FD LO 103345,11424,130437
180178,F,Sphinx Anastacey,SIA n,01-04-2004,FD LO 128729,118328,180493
180179,F,Sphinx Anina,SIA f,20-01-2001,FD LO 108232,180227,8840
180180,F,Sphinx Annabella,OSH h 24,27-01-2002,FD LO 118684,180470,8840
180181,F,Sphinx Antoinette,SIA n,23-10-1991,FD LO 65584,180466,124289
180182,M,Sphinx Antonio,SIA b 21,20-11-1993,FD LO 74543,180266,157629
180183,F,Sphinx Aquarius,SIA g,13-12-1990,FD LO 61313,175021,160611
180184,F,Sphinx Aradia,OSH h 24,20-05-1998,FD LO 95232,180398,180264
180185,F,Sphinx Art-Deco,OSH g,13-12-1990,FD LO 61312,175021,160611
180186,M,Sphinx Artemis,SIA c 21,20-10-2004,FD LO 131314,180204,110407
180187,M,Sphinx Arthur,SIA d,07-12-1992,FD LO 70119,180466,124289
180188,M,Sphinx Aslan,OSH b 24,17-07-1993,FD LO 73142,180490,180360
180189,F,Sphinx Athena,OSH f 22,10-04-2010,(DK)FD LO 200203,122928,180434
180190,F,Sphinx Azalea,OSH f,19-06-2000,FD LO 105393,11424,180173
180191,F,Sphinx Backfisch,OSH b 24,...,FD LO 35141,6413,18866
180192,M,Sphinx Bailey B.,OSH n 24,12-12-2006,FD LO 152243,180277,110431
180193,M,Sphinx Balthasar,OSH d 24,24-08-1994,FD LO 78208,180490,183546
180194,M,Sphinx Balthazar II,OSH b,18-06-2002,FD LO 117975,180318,180484
180195,M,Sphinx Bandito,OSH n,10-02-1991,FD LO 62369,180481,78183
180196,M,Sphinx Barnaby,OSH c 22,22-11-2007,FD LO 153551,122814,180434
180197,M,Sphinx Barney,SIA n 21,11-05-1991,FD LO 63295,180406,157629
180198,M,Sphinx Basil,SIA n,09-03-2000,FD LO 103722,20593,23148
180199,M,Sphinx Basil Hankat,SIA n,10-02-1991,FD LO 62366,180481,78183
180200,M,Sphinx Bastian,SIA n,02-09-1994,FD LO 78125,177005,157667
180201,M,Sphinx Benson,SIA a,01-01-2006,FD LO 139169,180204,180344
180202,M,Sphinx Bentley,OSH a 24,03-05-2008,FD LO 154911,122814,110407
180203,F,Sphinx Bernadette,SIA e,28-04-1999,FD LO 100103,180317,180483
180204,M,Sphinx Bijar,SIA c 21,28-10-2000,FD LO 107349,180318,155025
180205,M,Sphinx Black Dragon,OSH n,20-05-1998,FD LO 95235,180398,180264
180206,F,Sphinx Black Spider,OSH n,19-07-1993,FD LO 73018,192799,180183
180207,M,Sphinx black Velvet,OSH n,11-07-1990,FD LO 60091,109359,78183
180208,F,Sphinx Blondie,SIA b,10-02-1991,FD LO 62367,180481,78183
180209,F,Sphinx Blue Blossom,OSH g 24,21-05-1999,FD LO 100107,180317,180264
180210,M,Sphinx Blue Camillo,SIA a,12-10-1996,FD LO 88590,180292,180272
180211,F,Sphinx Blue Lotus,SIA a,23-06-1994,FD LO 77205,192799,180183
180212,M,Sphinx Blue Öyster,OSH a,23-06-1994,FD LO 77204,192799,180183
180213,F,Sphinx Blåvejr,OSH g,03-05-2008,FD LO 154910,122814,110407
180214,M,Sphinx Bobby Burmese,OSH e,16-04-2004,FD LO 128734,118328,180332
180215,M,Sphinx Bolero Negro,OSH n,10-02-1991,FD LO 62368,180481,78183
180216,M,Sphinx Born To Be Wild,OSH d 24,15-12-1999,FD LO 102954,180317,180289
180217,M,Sphinx Boy Wonder,OSH n,11-05-1991,FD LO 63294,180406,157629
180218,M,Sphinx Braveheart,SIA b,10-02-2000,FD LO 103347,11424,130437
180219,F,Sphinx Brazilia,OSH n,10-02-1991,FD LO 62370,180481,78183
180220,F,Sphinx Broomstick,OSH h 24,10-12-2006,FD LO 152241,122814,180262
180221,M,Sphinx Brunello,OSH b,09-08-2003,FD LO 123694,133383,180493
180222,M,Sphinx Bubele,OSH e 24,01-08-2000,FD LO 107170,180227,8840
180223,M,Sphinx Buddah,OSH c 22,15-06-2010,(DK)FD LO 200206,180376,180240
180224,M,Sphinx Burnin' Red Ivanhoe,SIA d,10-02-1991,FD LO 62365,180481,78183
180225,M,Sphinx Calem-Xett,SIA d,09-08-2003,FD LO 123693,133383,180493
180226,F,Sphinx California Dreaming,OSH f,15-06-1991,FD LO 64066,180466,183613
180227,M,Sphinx Calla,OSH n,31-07-1997,FD LO 91527,157627,180228
180228,F,Sphinx Camelia,SIA n 21,12-10-1996,FD LO 88592,180292,180272
180229,M,Sphinx Carisma,SIA d 21,15-12-1999,FD LO 102952,180317,180289
180230,M,Sphinx Catkin,OSH d 24,28-08-1999,FD LO 101754,180227,8840
180231,M,Sphinx Charles De Mills,OSH d,29-10-2000,FD LO 107169,11424,180397
180232,M,Sphinx China,SIA n,09-04-1992,FD LO 67342,8867,157667
180233,M,Sphinx Chokotabby Ami,SIA b 21,24-01-1999,FD LO 98485,180317,23148
180234,F,Sphinx Cinnabar,SIA b,19-03-1991,FD LO 62865,175640,180388
180235,F,Sphinx Claudia,OSH b 23,22-06-1991,FD LO 64069,180468,180377
180236,F,Sphinx Cleopathra,OSH f 24,20-05-1998,FD LO 95234,180398,180264
180237,F,Sphinx Confetti,OSH h 24,17-07-1993,FD LO 73144,180490,180360
180238,F,Sphinx Cornish Pixi,OSH a,20-09-2008,FD LO 156607,180259,150710
180239,M,Sphinx Creme Teddy,OSH e,19-07-1993,FD LO 73019,192799,180183
180240,F,Sphinx Crescent Moon,OSH c 24,02-10-2008,FD LO 156612,180259,180371
180241,F,Sphinx Daisy Doolittle,SIA e,01-12-2003,FD LO 125921,180318,155025
180242,F,Sphinx Damask,OSH cs 24,01-06-2008,FD LO 155006,1475,180363
180243,F,Sphinx Danielle,SIA b 21,...,FD LO 39098,17346,180191
180244,F,Sphinx Danone,OSH h 24,24-08-1994,FD LO 78206,180490,183546
180245,F,Sphinx Darling Dolly,SIA a 21,22-08-2010,(DK)FD LO 200875,180417,180240
180246,F,Sphinx Diva Aristo,OSH cs 24,24-09-2007,FD LO 153237,1475,110407
180247,F,Sphinx Dulcinea,OSH h 24,12-06-1992,FD LO 68497,180490,180260
180248,M,Sphinx Eddie,OSH ns 24,26-10-2004,FD LO 131316,1474,180344
180249,F,Sphinx Egyptian Lotus,OSH n 24,02-04-1997,FD LO 89802,180313,180264
180250,F,Sphinx Ellen,OSH g,03-05-2008,FD LO 154909,122814,110407
180251,F,Sphinx Englebarn,SIA f 21,15-01-2003,FD LO 119973,180427,180364
180252,F,Sphinx Englesang,SIA f 21,15-01-2003,FD LO 119974,180427,180364
180253,F,Sphinx Englestøv,OSH f 24,09-08-2003,FD LO 125215,180326,180364
180254,F,Sphinx Esperanza,SIA b 21,12-05-1991,FD LO 63684,180466,157585
180255,F,Sphinx Fairytale,OSH b,15-06-1991,FD LO 64064,180466,183613
180256,M,Sphinx Faramir,SIA b 21,22-08-2010,(DK)FD LO 200874,180417,180240
180257,F,Sphinx Felina Si Amori,SIA j,28-10-2000,FD LO 107347,180318,155025
180258,F,Sphinx Findus,OSH n 24,23-03-2001,FD LO 110945,132854,130437
180259,M,Sphinx Firebolt,OSH c,10-12-2006,FD LO 152240,122814,180262
180260,F,Sphinx Fireworks,SIA h 21,11-05-1991,FD LO 63298,180406,157629
180261,F,Sphinx Fleur de Lis,OSH f 24,01-04-2010,(DK)FD LO 200200,122928,180363
180262,F,Sphinx Fleur Delacour,OSH c 24,20-10-2004,FD LO 131315,180204,110407
180263,F,Sphinx Flora Danica,OSH h,11-05-1991,ANFI LO 35391,180406,157629
180264,F,Sphinx Flower Power,OSH f 23,18-11-1995,FD LO 83879,180339,180486
180265,F,Sphinx Fnug,OSH n,22-04-1992,FD LO 66989,180466,124289
180266,M,Sphinx Fred,SIA n 21,06-12-1992,FD LO 70114,168417,180254
180267,M,Sphinx Frederik,SIA n,01-04-2004,FD LO 128732,118328,180428
180268,F,Sphinx Fru Violet,OSH cs,01-06-2008,FD LO 155004,1475,180363
180269,M,Sphinx Fulbert Fearfull,OSH c 24,01-05-2006,FD LO 141509,180204,180262
180270,M,Sphinx Galahad,SIA n 21,06-12-1992,FD LO 70115,168417,180254
180271,F,Sphinx Ganesh,SIA b 21,...,FD LO 42355,18668,180243
180272,F,Sphinx Gardenia,SIA n,15-01-1996,FD LO 85932,180339,180389
180273,F,Sphinx Gazelle,OSH f 24,04-07-2009,FD LO 157454,122928,180434
180274,F,Sphinx Ghiordes,SIA c 21,14-08-2003,FD LO 123700,180204,8840
180275,F,Sphinx Gobelin,OSH f,11-05-1991,ZFDS 1618,180406,157629
180276,M,Sphinx Gordon,OSH c,24-11-1997,FD LO 92915,157627,180486
180277,M,Sphinx Grenache,OSH ns 24,26-10-2004,FD LO 131317,1474,180344
180278,F,Sphinx Grenache Noire,OSH n,23-03-2001,FD LO 110943,132854,130437
180279,F,Sphinx Guld Trompet,OSH b,05-02-2013,(DK)FD LO 213302,180417,150710
180280,M,Sphinx Gøsta,SIA n,17-01-1999,FD LO 98480,180317,180228
180281,M,Sphinx H for Holger,OSH d 24,29-11-2009,(DK)FD LO 158591,122928,180453
180282,M,Sphinx Habakuk,OSH c,11-04-2010,(DK)FD LO 200199,180376,180238
180283,M,Sphinx Harald,SIA b,01-01-2003,FD LO 119578,180427,155025
180284,M,Sphinx Havanarish,OSH b,24-09-2007,FD LO 153234,1475,110407
180285,F,Sphinx Hazel,OSH b,...,FD LO 42928,18668,180191
180286,M,Sphinx Heart of Gold,SIA e,20-05-1998,FD LO 95231,180398,180264
180287,M,Sphinx Herman Mild & Go',OSH n 24,04-07-2009,FD LO 157457,122928,180434
180288,M,Sphinx High Voltage,OSH d 24,17-07-1993,FD LO 73145,180490,180360
180289,F,Sphinx Hippie Hippie Shake,OSH h,20-05-1998,FD LO 95233,180398,180264
180290,F,Sphinx Hit Chic,OSH b 24,...,FD LO 42929,18668,180191
180291,F,Sphinx Holly Golightly,OSH b 24,01-06-2008,FD LO 155005,1475,180363
180292,M,Sphinx Honeytiger,SIA n 21,15-01-1996,FD LO 85933,180339,180389
180293,M,Sphinx Hopi,SIA n,10-02-2000,FD LO 103346,11424,130437
180294,M,Sphinx Hr. Muldvarp,OSH b,01-06-2008,FD LO 155001,1475,180363
180295,M,Sphinx In the Pink,SIA d 21,13-11-1993,FD LO 74545,180266,180260
180296,F,Sphinx Ingrid Munk,SIA c,02-10-2009,FD LO 156614,180259,180371
180297,F,Sphinx Inthepink,SIA e 21,28-04-1999,FD LO 100102,180317,180483
180298,F,Sphinx Isis Harlequin Lynx,OSH f 24,12-08-1997,FD LO 91748,180313,180264
180299,M,Sphinx Isphahan,SIA d,28-10-2000,FD LO 107348,180318,155025
180300,M,Sphinx Ivano,SIA d,16-02-2002,FD LO 118568,180470,180493
180301,F,Sphinx Ivory,SIA b 21,...,MMOE 19403,18668,180271
180302,M,Sphinx Ixia,SIA a 21,31-07-1997,FD LO 91529,157627,180228
180303,M,Sphinx Jackmanii,SIA n 21,31-07-1997,FD LO 91530,157627,180228
180304,M,Sphinx Jackmanii,SIA d 21,14-04-2000,SRK RX 22403,11424,180397
180305,M,Sphinx Jamie,SIA d,24-11-1997,FD LO 92916,157627,180486
180306,M,Sphinx Jesse James aka Shadow,OSH n,20-09-2009,(DK)FD LO 158197,122928,180363
180307,M,Sphinx Joachim,SIA d,30-06-2002,FD LO 118569,180470,180370
180308,M,Sphinx Kald Mig Kimmi!,OSH cs 24,24-09-2007,FD LO 153235,1475,110407
180309,M,Sphinx Kashir,OSH b 24,30-06-1995,FD LO 82516,180490,183546
180310,F,Sphinx Kathrine Larsen,OSH f,20-09-2009,(DK)FD LO 158200,122928,180363
180311,F,Sphinx Katyapeia,OSH as,15-09-2006,FD LO 153100,1475,180418
180312,M,Sphinx Khalif,OSH n,04-03-1992,FD LO 66986,180466,180183
180313,M,Sphinx King Tut,OSH n 24,25-08-1995,FD LO 82688,175971,180419
180314,F,Sphinx Kismet,SIA d 21,05-04-2000,SVERAK LO 169662,20593,180297
180315,F,Sphinx Kisses,SIA d 21,05-04-2000,FD LO 103729,20593,180297
180316,F,Sphinx Kissfromarose,OSH j 24,18-06-2002,FD LO 117976,180318,180484
180317,M,Sphinx Kissing the Pink,SIA e 21,16-10-1997,FD LO 92231,520,180183
180318,M,Sphinx Kissmequick,SIA e,28-04-1999,FD LO 100101,180317,180483
180319,M,Sphinx Kittbull,SIA n 21,09-03-2000,FD LO 103723,20593,23148
180320,M,Sphinx Kitty Hawk,SIA n 21,09-03-2000,FD LO 103724,20593,23148
180321,M,Sphinx Kristoffer,OSH d,01-04-2004,FD LO 128731,118328,180493
180322,M,Sphinx Kuguar,OSH n,28-08-1999,FD LO 101753,180227,8840
180323,F,Sphinx Lady Abigail,OSH c,22-09-2005,FD LO 138152,180204,110407
180324,F,Sphinx Lady Madonna,SIA d 21,09-03-2000,FD LO 103725,20593,23148
180325,M,Sphinx Lakrids,OSH n,01-08-2000,FD LO 107171,180227,8840
180326,M,Sphinx Lawrence,OSH n,20-01-2001,FD LO 108233,180227,8840
180327,M,Sphinx Legolas,SIA c,20-10-2004,FD LO 131313,180204,110407
180328,F,Sphinx Lhagana,SIA j,27-08-2001,FD LO 111984,180222,155025
180329,M,Sphinx Light My Fire,SIA d 21,15-12-1999,FD LO 102953,180317,180289
180330,F,Sphinx Lilac Pamina,OSH cs 24,12-12-2006,FD LO 152242,180277,110431
180331,M,Sphinx Lille Alf (X),OSH b,01-08-1990,FD LO 60355,18668,180377
180332,F,Sphinx Lille Bamse,OSH g,11-10-2002,FD LO 118570,180470,180493
180333,M,Sphinx Lille Egern,OSH b,19-03-1991,FD LO 62864,175640,180388
180334,F,Sphinx Lille Havfrue,OSH g,03-05-2008,FD LO 154908,122814,110407
180335,F,Sphinx Lille Los,OSH f 24,04-07-2009,FD LO 157455,122928,180434
180336,M,Sphinx Lille Panter,OSH n,10-04-2010,(DK)FD LO 200201,122928,180434
180337,F,Sphinx Lille Solstråle,OSH d 24,15-01-2003,FD LO 119975,180427,180364
180338,F,Sphinx Lilli,OSH h 24,20-01-2001,FD LO 108234,180227,8840
180339,M,Sphinx Lion King,SIA n,02-09-1994,FD LO 78126,177005,157667
180340,F,Sphinx Lottie Little,OSH a 24,09-08-2003,FD LO 125216,180326,180364
180341,F,Sphinx Lotus Tabby,SIA n 21,20-07-2011,(DK)FD LO 205601,101089,180343
180342,M,Sphinx LoveJoy,OSH n 24,18-11-2007,FD LO 153550,122814,180363
180343,F,Sphinx Luna Puella,SIA c 21,22-08-2010,(DK)FD LO 200877,180417,180240
180344,F,Sphinx Lynch Bages,OSH n,09-08-2003,FD LO 123696,133383,180493
180345,F,Sphinx Madeleine,SIA a 21,08-07-2005,FD LO 136136,1475,180344
180346,F,Sphinx Magnolia,SIA b 21,07-10-1991,FD LO 65582,150036,180485
180347,M,Sphinx Magnus,SIA e,01-01-2003,FD LO 119579,180427,155025
180348,F,Sphinx Mahogony & Brass,OSH f 22,10-04-2010,(DK)FD LO 200204,122928,180434
180349,F,Sphinx Maid of Honour,OSH bs 24,24-09-2007,FD LO 153238,1475,110407
180350,F,Sphinx Maidens Blush,SIA h,14-04-2000,FD LO 105396,11424,180397
180351,F,Sphinx Mai-Tai,OSH b 24,17-07-1993,FD LO 73143,180490,180360
180352,M,Sphinx Malthe,OSH c 24,10-12-2004,FD LO 133403,180204,110407
180353,M,Sphinx Marcus Antonius,OSH cs,24-09-2007,FD LO 153236,1475,110407
180354,F,Sphinx Marengs,SIA d 21,21-05-1999,FD LO 100105,180317,180264
180355,F,Sphinx Mary,SIA g 21,20-10-2000,FD LO 108236,180318,180459
180356,F,Sphinx Marzipana,OSH e 24,21-05-1999,FD LO 100106,180317,180264
180357,M,Sphinx Maurice,SIA d 21,01-06-1999,FD LO 100947,79715,180484
180358,M,Sphinx Maury,OSH a,23-03-2001,FD LO 110941,132854,130437
180359,M,Sphinx Max,OSH b,22-06-1991,FD LO 64068,180468,180377
180360,F,Sphinx Memory,SIA j,11-11-1992,FD LO 73141,175021,160611
180361,M,Sphinx Merlin,SIA n,07-12-1992,FD LO 70118,180466,124289
180362,F,Sphinx Milkyway,OSH as,15-09-2006,FD LO 153099,1475,180418
180363,F,Sphinx Milles Fleures,OSH c 24,01-11-2006,FD LO 153094,180277,110407
180364,F,Sphinx Min Engel,OSH j 24,27-08-2001,FD LO 111982,180222,155025
180365,M,Sphinx Misha,OSH e,13-06-1997,FD LO 91044,157627,180486
180366,F,Sphinx Moonspice,SIA b,19-08-1988,FD LO 53113,18668,180191
180367,F,Sphinx Moonstruck,SIA n,20-07-2011,(DK)FD LO 205603,101089,180343
180368,F,Sphinx Morning Mist,SIA c 21,01-05-2006,FD LO 141510,180204,180262
180369,F,Sphinx Moscato,SIA b,01-04-2004,FD LO 128730,118328,180493
180370,F,Sphinx Muselmalet,SIA h 21,20-10-2000,FD LO 108235,180318,180459
180371,F,Sphinx Månelys,OSH c 24,05-10-2007,FD LO 153313,1475,180362
180372,F,Sphinx Måneskin aka Betty Blue,OSH a 24,06-03-2009,FD LO 156613,110433,180371
180373,F,Sphinx Månestråle,OSH c 24,05-10-2007,FD LO 153314,1475,180362
180374,F,Sphinx Nanette,SIA b 21,20-11-1993,FD LO 74542,180266,157629
180375,F,Sphinx Naomi,SIA h,04-03-1992,FD LO 66987,180466,180183
180376,M,Sphinx Natrix Natrix,OSH n 22,04-07-2009,FD LO 157456,122928,180434
180377,F,Sphinx Nectar,OSH b 24,16-09-1988,FD LO 53420,18668,180243
180378,F,Sphinx Nefertiti,OSH n 24,16-04-1997,FD LO 89804,180313,180419
180379,M,Sphinx Nemorino,SIA b 21,13-11-1993,FD LO 74544,180266,180260
180380,M,Sphinx Nero,SIA b,16-04-2009,FD LO 156610,110433,172562
180381,F,Sphinx New Dawn,OSH cs,01-06-2008,FD LO 155003,1475,180363
180382,M,Sphinx Nickname,OSH b 24,16-09-1988,FD LO 53418,18668,180243
180383,M,Sphinx Nocturne,OSH n,10-02-2000,FD LO 103348,11424,130437
180384,F,Sphinx Nova,OSH b 24,16-09-1988,FD LO 53421,18668,180243
180385,M,Sphinx Nubis,OSH a 24,10-12-2006,FD LO 152239,122814,180262
180386,F,Sphinx Oci,SIA n 21,01-08-2000,FD LO 107172,180227,8840
180387,M,Sphinx Odin,OSH n 24,10-04-2010,(DK)FD LO 200202,122928,180434
180388,F,Sphinx Opium,OSH b,12-07-1989,FD LO 55678,18668,180377
180389,F,Sphinx Orchidea,SIA n 21,07-10-1991,FD LO 65583,150036,180485
180390,F,Sphinx Oriental Gallery,OSH h 24,17-06-1993,FD LO 72330,180449,157585
180391,F,Sphinx Palomino,SIA e,27-08-2001,FD LO 111983,180222,155025
180392,F,Sphinx Papagena,OSH a 24,19-03-2009,FD LO 156608,110433,150710
180393,M,Sphinx Papageno,SIA a 21,19-03-2009,FD LO 156609,110433,150710
180394,F,Sphinx Peaches 'n Cream,SIA h,19-07-1993,FD LO 73017,192799,180183
180395,F,Sphinx Pearl Jam,SIA h,23-06-1994,FD LO 77206,192799,180183
180396,M,Sphinx Pedro Ximenez,OSH a 24,01-01-2006,FD LO 139170,180204,180344
180397,F,Sphinx Petunia,SIA g 21,17-01-1999,FD LO 98482,180317,180228
180398,M,Sphinx Pharaoh Ramses,OSH b,12-08-1997,FD LO 91749,180313,180264
180399,F,Sphinx Pi-Mai,OSH b 24,30-06-1995,FD LO 82517,180490,183546
180400,F,Sphinx Pippi,SIA f,09-08-2003,FD LO 123698,133383,180493
180401,M,Sphinx Plys,SIA d,12-08-1997,FD LO 91751,180313,180264
180402,F,Sphinx Polkadot,OSH b 24,06-03-1992,FD LO 67046,180333,180377
180403,F,Sphinx Pretty Polly,OSH a 24,20-01-2001,FD LO 108231,180227,8840
180404,F,Sphinx Prinsesse Toben,OSH f 24,20-09-2009,(DK)FD LO 158199,122928,180363
180405,F,Sphinx Pussy Galore,OSH f 23,10-04-2007,FD LO 152397,122814,180473
180406,M,Sphinx Qream-X-Treme,OSH e,11-08-1989,FD LO 56825,175021,160611
180407,F,Sphinx Quality Street,OSH b,11-08-1989,FD LO 56823,175021,160611
180408,F,Sphinx Queen of Diamonds,SIA h 21,09-03-2000,FD LO 103726,20593,23148
180409,F,Sphinx Queen of Hearts,OSH c,11-08-1989,FD LO 56824,175021,160611
180410,F,Sphinx Radar,OSH f,15-06-1991,FD LO 64067,180466,183613
180411,M,Sphinx Red Basil,OSH d,15-06-1991,FD LO 64065,180466,183613
180412,F,Sphinx Regnsky,OSH as,15-09-2006,FD LO 153095,1475,180418
180413,M,Sphinx Rocky Road,OSH d 24,29-11-2009,(DK)FD LO 158590,122928,180453
180414,F,Sphinx Rosa,SIA n,15-01-1996,FD LO 85931,180339,180389
180415,F,Sphinx Rosalina,SIA e 21,13-06-1997,FD LO 91046,157627,180486
180416,M,Sphinx Rubeus Hagrid,SIA c 21,06-03-2007,FD LO 153101,180269,180340
180417,M,Sphinx Rupert Giles,SIA n,20-09-2009,(DK)FD LO 158198,122928,180363
180418,F,Sphinx Russian Connection,OSH as,15-12-2005,FD LO 153096,180277,180421
180419,F,Sphinx Satin,OSH n,09-04-1992,FD LO 67341,8867,157667
180420,M,Sphinx Shan,SIA x bs 21,01-05-2006,FD RX 153097,122814,180425
180421,F,Sphinx Sharokit,OSH h 24,14-08-2003,FD LO 123699,180204,8840
180422,M,Sphinx Siam,SIA c,20-07-2011,(DK)FD LO 205600,101089,180343
180423,M,Sphinx Siddharta Gautana,SIA n,20-07-1993,FD LO 73020,150036,157667
180424,F,Sphinx Silke,OSH n,09-04-1992,MMOE LO 58592,8867,157667
180425,F,Sphinx Silver Lining,SIA x ns 21,26-10-2004,FD RX 131318,1474,180344
180426,M,Sphinx Slick,SIA x cs 21,01-05-2006,FD RX 153098,122814,180425
180427,M,Sphinx Sol,SIA d,31-01-2002,FD LO 117974,11424,180173
180428,F,"Sphinx Sol, Måne & Stjerner",SIA g 21,01-01-2003,FD LO 119577,180427,155025
180429,F,Sphinx Sorte Sara,OSH n,31-05-1993,FD LO 72729,180232,180419
180430,M,Sphinx Spaceman,SIA d 21,05-04-2000,FD LO 103727,20593,180297
180431,M,Sphinx Splint,SIA d,22-04-1992,FD LO 66988,180466,124289
180432,M,Sphinx Star,OSH d 24,27-01-2002,FD LO 118683,180470,8840
180433,M,Sphinx StarGazer,OSH n 24,15-06-2010,(DK)FD LO 200207,180376,180240
180434,F,Sphinx Støvregn,OSH c 24,01-11-2006,FD LO 153093,180277,110407
180435,F,Sphinx Sunflower,OSH g,31-07-1997,FD LO 91528,157627,180228
180436,M,Sphinx Sunlight X-press,SIA e,01-01-2003,(D)DEKZV LO 297496,180427,155025
180437,F,Sphinx Sunshineday,SIA g 21,01-01-2003,FD LO 119576,180427,155025
180438,M,Sphinx Sweet Bounty,SIA b,19-07-1993,FD LO 73016,192799,180183
180439,M,Sphinx Sweet lupiter,SIA a 21,20-07-2011,(DK)FD LO 205602,101089,180343
180440,F,Sphinx Sweet Noëlle,SIA f,06-12-1992,FD LO 70113,168417,180254
180441,M,Sphinx Sweet Zeus,SIA b,31-07-2010,(DK)FD LO 200205,101089,172562
180442,M,Sphinx Tabasco,SIA n,12-10-1996,FD LO 88591,180292,180272
180443,M,Sphinx Tahir,OSH b 24,12-06-1992,FD LO 68496,180490,180260
180444,M,Sphinx Tahno,SIA a,12-10-1996,FD LO 88589,180292,180272
180445,M,Sphinx Tai-Pan,SIA n 21,06-12-1992,FD LO 70116,168417,180254
180446,M,Sphinx Taliesin,SIA n 21,06-12-1992,FD LO 70117,168417,180254
180447,M,Sphinx Tangerine Golden Ra,SIA d 21,12-08-1997,FD LO 91750,180313,180264
180448,F,Sphinx Tanne,OSH h,20-09-2009,(DK)FD LO 158201,122928,180363
180449,M,Sphinx Tao,OSH d,04-03-1992,FD LO 66985,180466,180183
180450,M,Sphinx Tariq,OSH d 24,27-08-2001,FD LO 111981,180222,155025
180451,F,Sphinx Tavel,OSH c 24,01-01-2006,FD LO 139172,180204,180344
180452,F,Sphinx Tawny Port,SIA n,01-01-2006,FD LO 139171,180204,180344
180453,F,Sphinx That's Amore!,OSH f,03-05-2008,FD LO 154907,122814,110407
180454,M,Sphinx The Samurai,SIA b,24-01-1999,FD LO 98484,180317,23148
180455,F,Sphinx Thebe,SIA n 21,22-08-2010,(DK)FD LO 200876,180417,180240
180456,F,Sphinx Tickii Jensen,OSH b 25,28-01-2013,(DK)FD LO 213303,180433,172562
180457,F,"Sphinx Tiffany Case, JW",OSH g 24,10-04-2007,FD LO 152398,122814,180473
180458,F,Sphinx Tigerlady,OSH n 24,...,ANFI LO 29737,18668,8865
180459,F,Sphinx Titania,OSH n 24,01-06-1999,FD LO 100948,79715,180484
180460,F,Sphinx Tokay Pinot Gris,SIA g,09-08-2003,FD LO 123697,133383,180493
180461,F,Sphinx Tortie Fan-Ta-Cee,SIA h,24-01-1999,FD LO 98483,180317,23148
180462,F,Sphinx Tosca,OSH n,09-04-1992,FD LO 67339,8867,157667
180463,M,Sphinx Toucan,SIA n 21,14-04-2000,FD LO 105394,11424,180397
180464,M,Sphinx Tranquebar,SIA d,16-03-1992,FD LO 67047,180466,160611
180465,F,Sphinx Tuscany Superb,OSH d,30-10-2000,FD LO 107168,11424,180173
180466,M,Sphinx U2,OSH b,07-02-1990,FD LO 59090,18668,180388
180467,M,Sphinx UB40,OSH b,24-02-1990,FD LO 59091,18668,180388
180468,M,Sphinx Valentine,OSH n 24,11-07-1990,FD LO 60090,109359,78183
180469,F,Sphinx Vanity,OSH b 24,11-07-1990,FD LO 60092,109359,78183
180470,M,Sphinx Vega Sicilia,OSH a 24,23-03-2001,FD LO 110942,132854,130437
180471,F,Sphinx Vega Vanquard,OSH h,09-08-2003,FD LO 123695,133383,180493
180472,F,Sphinx Verbena,OSH n 24,28-08-1999,FD LO 101755,180227,8840
180473,F,Sphinx Vesper Lynd,MCO ns 01,05-05-2006,FD RX 152244,1474,180364
180474,M,Sphinx Victor,SIA b 21,27-08-2001,FD LO 111980,180222,155025
180475,M,Sphinx Vixen,SIA n,10-02-2000,FD LO 103344,11424,130437
180476,F,Sphinx Vogue,SIA b 21,11-07-1990,FD LO 60093,109359,78183
180477,M,Sphinx Walther,OSH c 24,02-10-2008,FD LO 156611,180259,180371
180478,F,Sphinx West Side,OSH b 24,10-03-1990,FD LO 59355,18668,180377
180479,F,Sphinx White Cloud,MCO ns 01,05-05-2006,FD RX 152245,1474,180364
180480,F,Sphinx Wildcat,OSH b 24,10-03-1990,FD LO 59356,18668,180377
180481,M,Sphinx Willow,OSH b,10-03-1990,FD LO 59353,18668,180377
180482,F,Sphinx Yalameh,OSH b 24,23-08-1990,FD LO 60352,109359,157629
180483,F,Sphinx Yameena,OSH e 24,13-06-1997,FD LO 91043,157627,180486
180484,F,Sphinx Yashira,OSH h 24,13-06-1997,FD LO 91045,157627,180486
180485,F,Sphinx Yasmine,SIA b 21,23-08-1990,FD LO 60354,109359,157629
180486,F,Sphinx Yentl,OSH h 24,24-08-1994,FD LO 78207,180490,183546
180487,M,Sphinx Yo! Sweetness,SIA b 21,08-06-2008,FD LO 155000,187599,180434
180488,F,Sphinx Yogi,OSH b 23,23-08-1990,FD LO 60353,109359,157629
180489,M,Sphinx Ypsiloni,OSH n,01-04-2004,FD LO 128733,118328,180428
180490,M,Sphinx YSL,OSH b 24,23-08-1990,FD LO 60351,109359,157629
180491,F,Sphinx Zahra,SIA x bs 21,24-09-2007,FD RX 153239,1475,110407
180492,M,Sphinx Zigzag,SIA b 21,15-11-1990,FD LO 61310,109359,180366
180493,F,Sphinx Zinfandel,OSH h,10-02-2000,FD LO 103349,11424,130437
180494,M,Sphinx Zodiac,SIA b 21,15-11-1990,FD LO 61311,109359,180366
180495,M,Sphinx Zùcchero Apollo,SIA b 21,17-06-1993,FD LO 72329,180449,157585
180496,F,Sphynxusa Isis Blue,SPH a 09,...,TICA SBT 021504 009,,
180497,M,Spice Boy af Timanfaya DK,PER a 01 62,05-08-1997,FD LO 91778,149624,175810
180498,F,Spice Girl af Reedtz,EXO d 02 62,14-10-1997,FD RX 12437,154123,43646
180499,M,Spice of Duchess DK,PER n,01-05-1991,FD LO 63177,192162,161765
180500,M,Spicesnice Boy Toy of Gimsin,SIA n,...,CFA 0272-1187073 V1298,,
180501,F,Spicesnice Gone With the Wind,SIA a,...,CFA 0277-1161987 V1298,,
180502,M,Spicyspoon von Asserbo DK,PER d,22-06-2004,FD LO 128893,50783,191969
180503,F,Spider Girl of Golden Haze DK,BEN n 24 31,21-01-2003,FD LO 120100,148750,124626
